SeniorCitizen,tenure,MonthlyCharges,gender_Male,Dependents_Yes,PhoneService_Yes,MultipleLines_Yes,InternetService_Fiber optic,Contract_One year,Contract_Two year
0.39986485773982977,-0.15896729035673132,0.8131874863680383,-0.014218382104981058,-0.2557091757166453,0.33293293278840314,0.3764410721237541,1.083559049062396,-0.028255604795658723,-0.5144471064500988
-0.2366613896062615,-0.4580116465255396,-0.7590025438969593,0.0018915033348973628,0.016296585409522956,-0.37927158045244125,-0.5186928118319417,-0.8883896797070204,0.34916576089061996,-0.5428287232394567
-0.3049532599817763,1.009577908946481,-0.1733174371427579,0.021340367215942922,0.41230752295324474,0.039296547674960186,0.18901566076968349,-0.4288036976328923,-0.5133626325856533,1.7556827652770672
