SeniorCitizen,tenure,MonthlyCharges,gender_Male,Dependents_Yes,PhoneService_Yes,MultipleLines_Yes,InternetService_Fiber optic,Contract_One year,Contract_Two year
0.3982385788973888,-0.14065556054911926,0.8192299403275871,-0.023957247398942248,-0.2508624513367791,0.32957344260909427,0.37541311020111695,1.0938109887463892,-0.017981325986332054,-0.5108168005215504
-0.30620278094813064,1.010704727255021,-0.16679378260113678,-0.003805878363463795,0.4167723404498245,0.030685656361396463,0.19886230047549272,-0.42546061372485644,-0.5235304430789156,1.7745021701023533
-0.23169930959631285,-0.4625840142957,-0.7559807071985428,0.02734549137544703,0.01090699528721687,-0.36311285071661226,-0.5124866424999031,-0.8870567332219241,0.3345933368424148,-0.5362622096291926
